base,comparison,ep,minus2LL,df,AIC,diffLL,diffdf,p,fit,fitUnits,diffFit,chisq,SBchisq,sample,domain,facet
oneSATca,NA,12,3161.5481007250482,1158,3185.5481007250482,NA,NA,NA,3161.5481007250482,-2lnL,NA,NA,NA,Sutherland et al. 2020,faces,evaluation_bias
oneSATca,oneCOVAgeca,11,3288.8520782667783,1159,3310.8520782667783,127.30397754173009,1,1.5939131295954612e-29,3288.8520782667783,-2lnL,127.30397754173009,NA,NA,Sutherland et al. 2020,faces,evaluation_bias
oneSATca,oneCOVSexca,11,3166.67677010148,1159,3188.67677010148,5.128669376431844,1,0.023533762593461603,3166.67677010148,-2lnL,5.128669376431844,NA,NA,Sutherland et al. 2020,faces,evaluation_bias
oneSATca,oneEMOca,10,3161.748129690841,1160,3181.748129690841,0.20002896579262597,2,0.9048243134643503,3161.748129690841,-2lnL,0.20002896579262597,NA,NA,Sutherland et al. 2020,faces,evaluation_bias
oneSATca,oneEMVOca,8,3162.894416187135,1162,3178.894416187135,1.34631546208675,4,0.8534698750760128,3162.894416187135,-2lnL,1.34631546208675,NA,NA,Sutherland et al. 2020,faces,evaluation_bias
oneSATca,oneEMVZca,6,3164.187029921064,1164,3176.187029921064,2.6389291960158516,6,0.8526067616266563,3164.187029921064,-2lnL,2.6389291960158516,NA,NA,Sutherland et al. 2020,faces,evaluation_bias
