base,comparison,ep,minus2LL,df,AIC,diffLL,diffdf,p,fit,fitUnits,diffFit,chisq,SBchisq,sample,domain,facet
oneSATca,NA,12,2848.282998914518,1196,2872.282998914518,NA,NA,NA,2848.282998914518,-2lnL,NA,NA,NA,Sutherland et al. 2020,scenes,evaluation_bias
oneSATca,oneCOVAgeca,11,2848.7374253602384,1197,2870.7374253602384,0.4544264457204008,1,0.500240366859524,2848.7374253602384,-2lnL,0.4544264457204008,NA,NA,Sutherland et al. 2020,scenes,evaluation_bias
oneSATca,oneCOVSexca,11,2859.6064823744464,1197,2881.6064823744464,11.323483459928411,1,7.653300583239168e-4,2859.6064823744464,-2lnL,11.323483459928411,NA,NA,Sutherland et al. 2020,scenes,evaluation_bias
oneSATca,oneEMOca,10,2852.615905635821,1198,2872.615905635821,4.332906721303061,2,0.11458328268956626,2852.615905635821,-2lnL,4.332906721303061,NA,NA,Sutherland et al. 2020,scenes,evaluation_bias
oneSATca,oneEMVOca,8,2852.6833005419726,1200,2868.6833005419726,4.40030162745461,4,0.35453334486949034,2852.6833005419726,-2lnL,4.40030162745461,NA,NA,Sutherland et al. 2020,scenes,evaluation_bias
oneSATca,oneEMVZca,6,2855.1342896409324,1202,2867.1342896409324,6.8512907264143905,6,0.3348190821792887,2855.1342896409324,-2lnL,6.8512907264143905,NA,NA,Sutherland et al. 2020,scenes,evaluation_bias
