base,comparison,ep,minus2LL,df,AIC,diffLL,diffdf,p,fit,fitUnits,diffFit,chisq,SBchisq,sample,domain,facet
oneSATca,NA,12,-448.46513308716885,1154,-424.46513308716885,NA,NA,NA,-448.46513308716885,-2lnL,NA,NA,NA,Sutherland et al. 2020,faces,taste_typicality
oneSATca,oneCOVAgeca,11,-441.0787961143035,1155,-419.0787961143035,7.386336972865365,1,0.0065721197924038495,-441.0787961143035,-2lnL,7.386336972865365,NA,NA,Sutherland et al. 2020,faces,taste_typicality
oneSATca,oneCOVSexca,11,-442.8734942127701,1155,-420.8734942127701,5.591638874398768,1,0.01804640393758743,-442.8734942127701,-2lnL,5.591638874398768,NA,NA,Sutherland et al. 2020,faces,taste_typicality
oneSATca,oneEMOca,10,-446.65248986545066,1156,-426.65248986545066,1.81264322171819,2,0.40400759129672503,-446.65248986545066,-2lnL,1.81264322171819,NA,NA,Sutherland et al. 2020,faces,taste_typicality
oneSATca,oneEMVOca,8,-445.05427856142967,1158,-429.05427856142967,3.4108545257391825,4,0.49156189817392537,-445.05427856142967,-2lnL,3.4108545257391825,NA,NA,Sutherland et al. 2020,faces,taste_typicality
oneSATca,oneEMVZca,6,-440.6524590855006,1160,-428.6524590855006,7.812674001668256,6,0.2521510915328734,-440.6524590855006,-2lnL,7.812674001668256,NA,NA,Sutherland et al. 2020,faces,taste_typicality
