base,comparison,ep,minus2LL,df,AIC,diffLL,diffdf,p,fit,fitUnits,diffFit,chisq,SBchisq,sample,domain,facet
oneSATca,NA,12,264.0434265630896,1197,288.0434265630896,NA,NA,NA,264.0434265630896,-2lnL,NA,NA,NA,Sutherland et al. 2020,scenes,taste_typicality
oneSATca,oneCOVAgeca,11,270.23990093251905,1198,292.23990093251905,6.196474369429438,1,0.012800504438711306,270.23990093251905,-2lnL,6.196474369429438,NA,NA,Sutherland et al. 2020,scenes,taste_typicality
oneSATca,oneCOVSexca,11,272.8933906649737,1198,294.8933906649737,8.849964101884098,1,0.002930946559796967,272.8933906649737,-2lnL,8.849964101884098,NA,NA,Sutherland et al. 2020,scenes,taste_typicality
oneSATca,oneEMOca,10,264.89053376952506,1199,284.89053376952506,0.847107206435453,2,0.6547160798372409,264.89053376952506,-2lnL,0.847107206435453,NA,NA,Sutherland et al. 2020,scenes,taste_typicality
oneSATca,oneEMVOca,8,268.69122989066346,1201,284.69122989066346,4.647803327573854,4,0.32537973252847796,268.69122989066346,-2lnL,4.647803327573854,NA,NA,Sutherland et al. 2020,scenes,taste_typicality
oneSATca,oneEMVZca,6,276.5019131489606,1203,288.5019131489606,12.458486585871015,6,0.052488135799838846,276.5019131489606,-2lnL,12.458486585871015,NA,NA,Sutherland et al. 2020,scenes,taste_typicality
