base,comparison,ep,minus2LL,df,AIC,diffLL,diffdf,p,fit,fitUnits,diffFit,chisq,SBchisq,sample,domain,facet
oneSATca,NA,12,3080.0575851094172,1158,3104.0575851094172,NA,NA,NA,3080.0575851094172,-2lnL,NA,NA,NA,Sutherland et al. 2020,faces,P
oneSATca,oneCOVAgeca,11,3204.078867763258,1159,3226.078867763258,124.0212826538409,1,8.334484859937252e-29,3204.078867763258,-2lnL,124.0212826538409,NA,NA,Sutherland et al. 2020,faces,P
oneSATca,oneCOVSexca,11,3082.8192052571985,1159,3104.8192052571985,2.7616201477812865,1,0.0965504135941283,3082.8192052571985,-2lnL,2.7616201477812865,NA,NA,Sutherland et al. 2020,faces,P
oneSATca,oneEMOca,10,3080.4326225377954,1160,3100.4326225377954,0.3750374283781639,2,0.829013603717899,3080.4326225377954,-2lnL,0.3750374283781639,NA,NA,Sutherland et al. 2020,faces,P
oneSATca,oneEMVOca,8,3082.207258281032,1162,3098.207258281032,2.1496731716147224,4,0.7082527984555274,3082.207258281032,-2lnL,2.1496731716147224,NA,NA,Sutherland et al. 2020,faces,P
oneSATca,oneEMVZca,6,3084.1720633660407,1164,3096.1720633660407,4.114478256623443,6,0.6611876383662143,3084.1720633660407,-2lnL,4.114478256623443,NA,NA,Sutherland et al. 2020,faces,P
