base,comparison,ep,minus2LL,df,AIC,diffLL,diffdf,p,fit,fitUnits,diffFit,chisq,SBchisq,sample,domain,facet
oneSATca,NA,12,2794.670486243531,1196,2818.670486243531,NA,NA,NA,2794.670486243531,-2lnL,NA,NA,NA,Sutherland et al. 2020,places,P
oneSATca,oneCOVAgeca,11,2796.3589698686405,1197,2818.3589698686405,1.6884836251097113,1,0.19380098141117102,2796.3589698686405,-2lnL,1.6884836251097113,NA,NA,Sutherland et al. 2020,places,P
oneSATca,oneCOVSexca,11,2810.6954643743543,1197,2832.6954643743543,16.024978130823456,1,6.25122965956364e-5,2810.6954643743543,-2lnL,16.024978130823456,NA,NA,Sutherland et al. 2020,places,P
oneSATca,oneEMOca,10,2798.37617134004,1198,2818.37617134004,3.7056850965091144,2,0.15679084672398136,2798.37617134004,-2lnL,3.7056850965091144,NA,NA,Sutherland et al. 2020,places,P
oneSATca,oneEMVOca,8,2798.5999864951064,1200,2814.5999864951064,3.9295002515755186,4,0.4156310249747601,2798.5999864951064,-2lnL,3.9295002515755186,NA,NA,Sutherland et al. 2020,places,P
oneSATca,oneEMVZca,6,2801.2923462980534,1202,2813.2923462980534,6.621860054522585,6,0.35723612849046965,2801.2923462980534,-2lnL,6.621860054522585,NA,NA,Sutherland et al. 2020,places,P
