base,comparison,ep,minus2LL,df,AIC,diffLL,diffdf,p,fit,fitUnits,diffFit,chisq,SBchisq,sample,domain,facet
oneSATca,NA,12,-463.5022963672967,1154,-439.5022963672967,NA,NA,NA,-463.5022963672967,-2lnL,NA,NA,NA,Sutherland et al. 2020,faces,mm2
oneSATca,oneCOVAgeca,11,-459.319036896826,1155,-437.319036896826,4.183259470470716,1,0.0408251129524115,-459.319036896826,-2lnL,4.183259470470716,NA,NA,Sutherland et al. 2020,faces,mm2
oneSATca,oneCOVSexca,11,-457.00165997600277,1155,-435.00165997600277,6.500636391293938,1,0.010783588778922791,-457.00165997600277,-2lnL,6.500636391293938,NA,NA,Sutherland et al. 2020,faces,mm2
oneSATca,oneEMOca,10,-461.9461226020138,1156,-441.9461226020138,1.5561737652828924,2,0.45928383522506877,-461.9461226020138,-2lnL,1.5561737652828924,NA,NA,Sutherland et al. 2020,faces,mm2
oneSATca,oneEMVOca,8,-460.36268440304775,1158,-444.36268440304775,3.1396119642489566,4,0.5347394931297323,-460.36268440304775,-2lnL,3.1396119642489566,NA,NA,Sutherland et al. 2020,faces,mm2
oneSATca,oneEMVZca,6,-456.7369639024394,1160,-444.7369639024394,6.765332464857295,6,0.34309546038019423,-456.7369639024394,-2lnL,6.765332464857295,NA,NA,Sutherland et al. 2020,faces,mm2
