base,comparison,ep,minus2LL,df,AIC,diffLL,diffdf,p,fit,fitUnits,diffFit,chisq,SBchisq,sample,domain,facet
oneSATca,NA,12,252.74200859013865,1197,276.74200859013865,NA,NA,NA,252.74200859013865,-2lnL,NA,NA,NA,Sutherland et al. 2020,faces,mm2
oneSATca,oneCOVAgeca,11,261.67064780208045,1198,283.67064780208045,8.9286392119418,1,0.002807334273594172,261.67064780208045,-2lnL,8.9286392119418,NA,NA,Sutherland et al. 2020,faces,mm2
oneSATca,oneCOVSexca,11,262.5212523635419,1198,284.5212523635419,9.779243773403266,1,0.0017649288847266568,262.5212523635419,-2lnL,9.779243773403266,NA,NA,Sutherland et al. 2020,faces,mm2
oneSATca,oneEMOca,10,253.3208254390778,1199,273.3208254390778,0.578816848939141,2,0.7487063529530398,253.3208254390778,-2lnL,0.578816848939141,NA,NA,Sutherland et al. 2020,faces,mm2
oneSATca,oneEMVOca,8,256.8675569927435,1201,272.8675569927435,4.125548402604863,4,0.38928128681639923,256.8675569927435,-2lnL,4.125548402604863,NA,NA,Sutherland et al. 2020,faces,mm2
oneSATca,oneEMVZca,6,263.73445811442275,1203,275.73445811442275,10.992449524284098,6,0.08861006943595391,263.73445811442275,-2lnL,10.992449524284098,NA,NA,Sutherland et al. 2020,faces,mm2
