base,comparison,ep,minus2LL,df,AIC,diffLL,diffdf,p,fit,fitUnits,diffFit,chisq,SBchisq,sample,domain,facet,VA,VC,VE,SA,SC,SE
oneSATca,NA,12,3161.5481007250482,1158,3185.5481007250482,NA,NA,NA,3161.5481007250482,-2lnL,NA,NA,NA,Sutherland et al. 2020,faces,evaluation_bias,NA,NA,NA,NA,NA,NA
oneSATca,oneACEvca,6,3164.18702992069,1164,3176.18702992069,2.6389291956415946,6,0.8526067616701943,3164.18702992069,-2lnL,2.6389291956415946,NA,NA,Sutherland et al. 2020,faces,evaluation_bias,0.2411,0.0418,0.62,0.267,0.0463,0.6867
oneACEvca,oneAEvca,5,3164.232627872834,1165,3174.232627872834,0.04559795214436235,1,0.8309083120994205,3164.232627872834,-2lnL,0.04559795214436235,NA,NA,Sutherland et al. 2020,faces,evaluation_bias,0.2849,0,0.6176,0.3157,0,0.6843
oneACEvca,oneCEvca,5,3165.6392449942136,1165,3175.6392449942136,1.4522150735238029,1,0.22817285755550779,3165.6392449942136,-2lnL,1.4522150735238029,NA,NA,Sutherland et al. 2020,faces,evaluation_bias,0,0.2563,0.6487,0,0.2832,0.7168
oneACEvca,oneEvca,4,3196.685176110226,1166,3204.685176110226,32.49814618953633,2,8.772375613051286e-8,3196.685176110226,-2lnL,32.49814618953633,NA,NA,Sutherland et al. 2020,faces,evaluation_bias,0,0,0.8997,0,0,1
