base,comparison,ep,minus2LL,df,AIC,diffLL,diffdf,p,fit,fitUnits,diffFit,chisq,SBchisq,sample,domain,facet,VA,VC,VE,SA,SC,SE
oneSATca,NA,12,2848.282998914518,1196,2872.282998914518,NA,NA,NA,2848.282998914518,-2lnL,NA,NA,NA,Sutherland et al. 2020,scenes,evaluation_bias,NA,NA,NA,NA,NA,NA
oneSATca,oneACEvca,6,2855.1342896413626,1202,2867.1342896413626,6.8512907268445815,6,0.3348190821382355,2855.1342896413626,-2lnL,6.8512907268445815,NA,NA,Sutherland et al. 2020,scenes,evaluation_bias,0.151,0.0458,0.4452,0.2352,0.0713,0.6935
oneACEvca,oneAEvca,5,2855.305850191882,1203,2865.305850191882,0.17156055051964358,1,0.6787286049043575,2855.305850191882,-2lnL,0.17156055051964358,NA,NA,Sutherland et al. 2020,scenes,evaluation_bias,0.2003,0,0.4415,0.3121,0,0.6879
oneACEvca,oneCEvca,5,2856.7321061539533,1203,2866.7321061539533,1.5978165125907253,1,0.2062129173907115,2856.7321061539533,-2lnL,1.5978165125907253,NA,NA,Sutherland et al. 2020,scenes,evaluation_bias,0,0.1738,0.4683,0,0.2707,0.7293
oneACEvca,oneEvca,4,2890.5265876107183,1204,2898.5265876107183,35.392297969355695,2,2.0637645350884922e-8,2890.5265876107183,-2lnL,35.392297969355695,NA,NA,Sutherland et al. 2020,scenes,evaluation_bias,0,0,0.6408,0,0,1
