base,comparison,ep,minus2LL,df,AIC,diffLL,diffdf,p,fit,fitUnits,diffFit,chisq,SBchisq,sample,domain,facet,VA,VC,VE,SA,SC,SE
oneSATca,NA,12,264.0434265630896,1197,288.0434265630896,NA,NA,NA,264.0434265630896,-2lnL,NA,NA,NA,Sutherland et al. 2020,scenes,taste_typicality,NA,NA,NA,NA,NA,NA
oneSATca,oneACEvca,6,276.5019131489168,1203,288.5019131489168,12.458486585827188,6,0.052488135800676794,276.5019131489168,-2lnL,12.458486585827188,NA,NA,Sutherland et al. 2020,scenes,taste_typicality,0.0223,0,0.0532,0.2955,5e-4,0.704
oneACEvca,oneAEvca,5,276.50192616676253,1204,286.50192616676253,1.301784573115583e-5,1,0.9971212186563146,276.50192616676253,-2lnL,1.301784573115583e-5,NA,NA,Sutherland et al. 2020,scenes,taste_typicality,0.0224,0,0.0532,0.2961,0,0.7039
oneACEvca,oneCEvca,5,279.3036191439779,1204,289.3036191439779,2.801705995061127,1,0.09416406588414797,279.3036191439779,-2lnL,2.801705995061127,NA,NA,Sutherland et al. 2020,scenes,taste_typicality,0,0.0175,0.0579,0,0.2321,0.7679
oneACEvca,oneEvca,4,303.8450906891603,1205,311.8450906891603,27.343177540243516,2,1.1547937860793446e-6,303.8450906891603,-2lnL,27.343177540243516,NA,NA,Sutherland et al. 2020,scenes,taste_typicality,0,0,0.0753,0,0,1
