base,comparison,ep,minus2LL,df,AIC,diffLL,diffdf,p,fit,fitUnits,diffFit,chisq,SBchisq,sample,domain,facet,VA,VC,VE,SA,SC,SE
oneSATca,NA,12,3080.0575851094172,1158,3104.0575851094172,NA,NA,NA,3080.0575851094172,-2lnL,NA,NA,NA,Sutherland et al. 2020,faces,evaluation_bias_res,NA,NA,NA,NA,NA,NA
oneSATca,oneACEvca,6,3084.172063365951,1164,3096.172063365951,4.114478256533857,6,0.6611876383783287,3084.172063365951,-2lnL,4.114478256533857,NA,NA,Sutherland et al. 2020,faces,evaluation_bias_res,0.1494,0.0936,0.5974,0.1778,0.1114,0.7108
oneACEvca,oneAEvca,5,3084.438861047579,1165,3094.438861047579,0.26679768162784967,1,0.6054880490967661,3084.438861047579,-2lnL,0.26679768162784967,NA,NA,Sutherland et al. 2020,faces,evaluation_bias_res,0.2475,0,0.592,0.2948,0,0.7052
oneACEvca,oneCEvca,5,3084.8203161421316,1165,3094.8203161421316,0.6482527761804704,1,0.4207380511090639,3084.8203161421316,-2lnL,0.6482527761804704,NA,NA,Sutherland et al. 2020,faces,evaluation_bias_res,0,0.2271,0.6148,0,0.2698,0.7302
oneACEvca,oneEvca,4,3114.091039116315,1166,3122.091039116315,29.918975750364098,2,3.1854952638080624e-7,3114.091039116315,-2lnL,29.918975750364098,NA,NA,Sutherland et al. 2020,faces,evaluation_bias_res,0,0,0.8384,0,0,1
