base,comparison,ep,minus2LL,df,AIC,diffLL,diffdf,p,fit,fitUnits,diffFit,chisq,SBchisq,sample,domain,facet,VA,VC,VE,SA,SC,SE
oneSATca,NA,12,2794.670486243531,1196,2818.670486243531,NA,NA,NA,2794.670486243531,-2lnL,NA,NA,NA,Sutherland et al. 2020,scenes,evaluation_bias_res,NA,NA,NA,NA,NA,NA
oneSATca,oneACEvca,6,2801.2923462981726,1202,2813.2923462981726,6.621860054641729,6,0.35723612847855746,2801.2923462981726,-2lnL,6.621860054641729,NA,NA,Sutherland et al. 2020,scenes,evaluation_bias_res,0.1784,-0.0107,0.4414,0.2929,-0.0175,0.7246
oneACEvca,oneAEvca,5,2801.3023748578585,1203,2811.3023748578585,0.010028559685906657,1,0.9202310386826194,2801.3023748578585,-2lnL,0.010028559685906657,NA,NA,Sutherland et al. 2020,scenes,evaluation_bias_res,0.1669,0,0.4423,0.274,0,0.726
oneACEvca,oneCEvca,5,2803.629745046441,1203,2813.629745046441,2.3373987482682423,1,0.12630030182819957,2803.629745046441,-2lnL,2.3373987482682423,NA,NA,Sutherland et al. 2020,scenes,evaluation_bias_res,0,0.1409,0.4685,0,0.2312,0.7688
oneACEvca,oneEvca,4,2828.2910355338836,1204,2836.2910355338836,26.998689235711026,2,1.371857882985573e-6,2828.2910355338836,-2lnL,26.998689235711026,NA,NA,Sutherland et al. 2020,scenes,evaluation_bias_res,0,0,0.6086,0,0,1
