base,comparison,ep,minus2LL,df,AIC,diffLL,diffdf,p,fit,fitUnits,diffFit,chisq,SBchisq,sample,domain,facet,VA,VD,VE,SA,SD,SE
oneSATca,NA,12,-463.5022963672967,1154,-439.5022963672967,NA,NA,NA,-463.5022963672967,-2lnL,NA,NA,NA,Sutherland et al. 2020,faces,taste_typicality_res,NA,NA,NA,NA,NA,NA
oneSATca,oneADEvca,6,-456.7369639024265,1160,-444.7369639024265,6.765332464870198,6,0.34309546037894084,-456.7369639024265,-2lnL,6.765332464870198,NA,NA,Sutherland et al. 2020,faces,taste_typicality_res,-0.0048,0.0176,0.0279,-0.1188,0.4319,0.6869
oneADEvca,oneAEvca,5,-455.2840455617827,1161,-445.2840455617827,1.452918340643805,1,0.22806025675141528,-455.2840455617827,-2lnL,1.452918340643805,NA,NA,Sutherland et al. 2020,faces,taste_typicality_res,0.0119,0,0.0287,0.2934,0,0.7066
oneADEvca,oneEvca,4,-429.5258539895916,1162,-421.5258539895916,27.2111099128349,2,1.2336232877750735e-6,-429.5258539895916,-2lnL,27.2111099128349,NA,NA,Sutherland et al. 2020,faces,taste_typicality_res,0,0,0.0405,0,0,1
