base,comparison,ep,minus2LL,df,AIC,diffLL,diffdf,p,fit,fitUnits,diffFit,chisq,SBchisq,sample,facet
mulSATc,NA,28,6491.826453947554,2350,6547.826453947554,NA,NA,NA,6491.826453947554,-2lnL,NA,NA,NA,Sutherland et al. 2020,e-b
mulSATc,mulACEvc,11,6505.077785419495,2367,6527.077785419495,13.25133147194083,17,0.7192050904889403,6505.077785419495,-2lnL,13.25133147194083,NA,NA,Sutherland et al. 2020,e-b
mulACEvc,mulACEvc,11,6505.077785419495,2367,6527.077785419495,0,0,NA,6505.077785419495,-2lnL,0,NA,NA,Sutherland et al. 2020,e-b
mulACEvc,mulAEvc,8,6505.296201981297,2370,6521.296201981297,0.21841656180185964,3,0.9745628662768082,6505.296201981297,-2lnL,0.21841656180185964,NA,NA,Sutherland et al. 2020,e-b
mulACEvc,mulAEvc_1,7,6563.667955392084,2371,6577.667955392084,58.59016997258914,4,5.736915045402659e-12,6563.667955392084,-2lnL,58.59016997258914,NA,NA,Sutherland et al. 2020,e-b
mulACEvc,mulAEvc_1,6,6678.860559127928,2372,6690.860559127928,173.78277370843352,5,1.1372460684949098e-35,6678.860559127928,-2lnL,173.78277370843352,NA,NA,Sutherland et al. 2020,e-b
