base,comparison,ep,minus2LL,df,AIC,diffLL,diffdf,p,fit,fitUnits,diffFit,chisq,SBchisq,sample,facet
mulSATc,NA,28,6563.504325228634,2347,6619.504325228634,NA,NA,NA,6563.504325228634,-2lnL,NA,NA,NA,Sutherland et al. 2020,t-t
mulSATc,mulACEvc,11,6589.893550661104,2364,6611.893550661104,26.389225432470084,17,0.06765519861590767,6589.893550661104,-2lnL,26.389225432470084,NA,NA,Sutherland et al. 2020,t-t
mulACEvc,mulACEvc,11,6589.893550661104,2364,6611.893550661104,0,0,NA,6589.893550661104,-2lnL,0,NA,NA,Sutherland et al. 2020,t-t
mulACEvc,mulAEvc,8,6590.755306862955,2367,6606.755306862955,0.861756201850767,3,0.8346457050716076,6590.755306862955,-2lnL,0.861756201850767,NA,NA,Sutherland et al. 2020,t-t
mulACEvc,mulAEvc_1,7,6609.931439535974,2368,6623.931439535974,20.037888874870077,4,4.908713776952441e-4,6609.931439535974,-2lnL,20.037888874870077,NA,NA,Sutherland et al. 2020,t-t
mulACEvc,mulAEvc_1,6,6680.71637272357,2369,6692.71637272357,90.822822062466,5,4.512849074391996e-18,6680.71637272357,-2lnL,90.822822062466,NA,NA,Sutherland et al. 2020,t-t
