base,comparison,ep,minus2LL,df,AIC,diffLL,diffdf,p,fit,fitUnits,diffFit,chisq,SBchisq,sample,domain,facet
oneSATca,NA,12,3055.405819519049,1500,3079.405819519049,NA,NA,NA,3055.405819519049,-2lnL,NA,NA,NA,Germine et al. 2015,faces,evaluation_bias
oneSATca,oneCOVAgeca,11,3131.1505255260618,1501,3153.1505255260618,75.74470600701261,1,3.228154334327339e-18,3131.1505255260618,-2lnL,75.74470600701261,NA,NA,Germine et al. 2015,faces,evaluation_bias
oneSATca,oneCOVSexca,11,3062.422251892017,1501,3084.422251892017,7.016432372967756,1,0.008076499520989756,3062.422251892017,-2lnL,7.016432372967756,NA,NA,Germine et al. 2015,faces,evaluation_bias
oneSATca,oneEMOca,10,3055.883236125882,1502,3075.883236125882,0.47741660683277587,2,0.7876446021063632,3055.883236125882,-2lnL,0.47741660683277587,NA,NA,Germine et al. 2015,faces,evaluation_bias
oneSATca,oneEMVOca,8,3058.731585033677,1504,3074.731585033677,3.325765514628074,4,0.5048603220346894,3058.731585033677,-2lnL,3.325765514628074,NA,NA,Germine et al. 2015,faces,evaluation_bias
oneSATca,oneEMVZca,6,3062.8361615978556,1506,3074.8361615978556,7.430342078806461,6,0.28287462123525664,3062.8361615978556,-2lnL,7.430342078806461,NA,NA,Germine et al. 2015,faces,evaluation_bias
