base,comparison,ep,minus2LL,df,AIC,diffLL,diffdf,p,fit,fitUnits,diffFit,chisq,SBchisq,sample,domain,facet
oneSATca,NA,12,3099.318934027451,1513,3123.318934027451,NA,NA,NA,3099.318934027451,-2lnL,NA,NA,NA,Germine et al. 2015,scenes,evaluation_bias
oneSATca,oneCOVAgeca,11,3104.717837597205,1514,3126.717837597205,5.3989035697536565,1,0.020149405910478556,3104.717837597205,-2lnL,5.3989035697536565,NA,NA,Germine et al. 2015,scenes,evaluation_bias
oneSATca,oneCOVSexca,11,3099.6309629686716,1514,3121.6309629686716,0.3120289412204329,1,0.5764378065892098,3099.6309629686716,-2lnL,0.3120289412204329,NA,NA,Germine et al. 2015,scenes,evaluation_bias
oneSATca,oneEMOca,10,3102.214645103154,1515,3122.214645103154,2.8957110757028204,2,0.23507385494484415,3102.214645103154,-2lnL,2.8957110757028204,NA,NA,Germine et al. 2015,scenes,evaluation_bias
oneSATca,oneEMVOca,8,3108.61592850336,1517,3124.61592850336,9.296994475908832,4,0.05408990530697367,3108.61592850336,-2lnL,9.296994475908832,NA,NA,Germine et al. 2015,scenes,evaluation_bias
oneSATca,oneEMVZca,6,3109.8809174003304,1519,3121.8809174003304,10.56198337287924,6,0.10289450408511702,3109.8809174003304,-2lnL,10.56198337287924,NA,NA,Germine et al. 2015,scenes,evaluation_bias
