base,comparison,ep,minus2LL,df,AIC,diffLL,diffdf,p,fit,fitUnits,diffFit,chisq,SBchisq,sample,domain,facet
oneSATca,NA,12,3519.562688142804,1403,3543.562688142804,NA,NA,NA,3519.562688142804,-2lnL,NA,NA,NA,Germine et al. 2015,abstract,evaluation_bias
oneSATca,oneCOVAgeca,11,3558.045746311187,1404,3580.045746311187,38.483058168383195,1,5.523105987842992e-10,3558.045746311187,-2lnL,38.483058168383195,NA,NA,Germine et al. 2015,abstract,evaluation_bias
oneSATca,oneCOVSexca,11,3521.137911943856,1404,3543.137911943856,1.5752238010522888,1,0.20945000999570657,3521.137911943856,-2lnL,1.5752238010522888,NA,NA,Germine et al. 2015,abstract,evaluation_bias
oneSATca,oneEMOca,10,3520.5442845447737,1405,3540.5442845447737,0.9815964019699095,2,0.6121375903009918,3520.5442845447737,-2lnL,0.9815964019699095,NA,NA,Germine et al. 2015,abstract,evaluation_bias
oneSATca,oneEMVOca,8,3521.6458506225727,1407,3537.6458506225727,2.0831624797688164,4,0.7204663165882499,3521.6458506225727,-2lnL,2.0831624797688164,NA,NA,Germine et al. 2015,abstract,evaluation_bias
oneSATca,oneEMVZca,6,3522.3070828092764,1409,3534.3070828092764,2.7443946664725445,6,0.8401759152053431,3522.3070828092764,-2lnL,2.7443946664725445,NA,NA,Germine et al. 2015,abstract,evaluation_bias
