base,comparison,ep,minus2LL,df,AIC,diffLL,diffdf,p,fit,fitUnits,diffFit,chisq,SBchisq,sample,domain,facet
oneSATca,NA,12,-760.2279026729937,1500,-736.2279026729937,NA,NA,NA,-760.2279026729937,-2lnL,NA,NA,NA,Germine et al. 2015,faces,taste_typicality
oneSATca,oneCOVAgeca,11,-754.191180470913,1501,-732.191180470913,6.036722202080682,1,0.014011275014125796,-754.191180470913,-2lnL,6.036722202080682,NA,NA,Germine et al. 2015,faces,taste_typicality
oneSATca,oneCOVSexca,11,-754.9046038476985,1501,-732.9046038476985,5.323298825295183,1,0.02104213972323085,-754.9046038476985,-2lnL,5.323298825295183,NA,NA,Germine et al. 2015,faces,taste_typicality
oneSATca,oneEMOca,10,-758.7665630006237,1502,-738.7665630006237,1.4613396723699452,2,0.48158629809822834,-758.7665630006237,-2lnL,1.4613396723699452,NA,NA,Germine et al. 2015,faces,taste_typicality
oneSATca,oneEMVOca,8,-758.6557464323594,1504,-742.6557464323594,1.5721562406342855,4,0.8137875855547514,-758.6557464323594,-2lnL,1.5721562406342855,NA,NA,Germine et al. 2015,faces,taste_typicality
oneSATca,oneEMVZca,6,-751.5284745657561,1506,-739.5284745657561,8.699428107237509,6,0.19120094875214738,-751.5284745657561,-2lnL,8.699428107237509,NA,NA,Germine et al. 2015,faces,taste_typicality
