base,comparison,ep,minus2LL,df,AIC,diffLL,diffdf,p,fit,fitUnits,diffFit,chisq,SBchisq,sample,domain,facet
oneSATca,NA,12,368.55118690636107,1511,392.55118690636107,NA,NA,NA,368.55118690636107,-2lnL,NA,NA,NA,Germine et al. 2015,scenes,taste_typicality
oneSATca,oneCOVAgeca,11,382.22301644974823,1512,404.22301644974823,13.671829543387162,1,2.1769573675481973e-4,382.22301644974823,-2lnL,13.671829543387162,NA,NA,Germine et al. 2015,scenes,taste_typicality
oneSATca,oneCOVSexca,11,388.295202987051,1512,410.295202987051,19.74401608068996,1,8.853847568215768e-6,388.295202987051,-2lnL,19.74401608068996,NA,NA,Germine et al. 2015,scenes,taste_typicality
oneSATca,oneEMOca,10,368.63148040410374,1513,388.63148040410374,0.08029349774267303,2,0.9606484547314409,368.63148040410374,-2lnL,0.08029349774267303,NA,NA,Germine et al. 2015,scenes,taste_typicality
oneSATca,oneEMVOca,8,371.1513660058475,1515,387.1513660058475,2.600179099486411,4,0.6267913976083671,371.1513660058475,-2lnL,2.600179099486411,NA,NA,Germine et al. 2015,scenes,taste_typicality
oneSATca,oneEMVZca,6,373.20000522785585,1517,385.20000522785585,4.648818321494787,6,0.5895764258830818,373.20000522785585,-2lnL,4.648818321494787,NA,NA,Germine et al. 2015,scenes,taste_typicality
