base,comparison,ep,minus2LL,df,AIC,diffLL,diffdf,p,fit,fitUnits,diffFit,chisq,SBchisq,sample,domain,facet
oneSATca,NA,12,341.06905291826274,1402,365.06905291826274,NA,NA,NA,341.06905291826274,-2lnL,NA,NA,NA,Germine et al. 2015,abstract,taste_typicality
oneSATca,oneCOVAgeca,11,347.1463090177509,1403,369.1463090177509,6.0772560994881815,1,0.013693329981582016,347.1463090177509,-2lnL,6.0772560994881815,NA,NA,Germine et al. 2015,abstract,taste_typicality
oneSATca,oneCOVSexca,11,354.80190541627815,1403,376.80190541627815,13.732852498015404,1,2.10735885817099e-4,354.80190541627815,-2lnL,13.732852498015404,NA,NA,Germine et al. 2015,abstract,taste_typicality
oneSATca,oneEMOca,10,344.9775574661044,1404,364.9775574661044,3.9085045478416305,2,0.14167036772905497,344.9775574661044,-2lnL,3.9085045478416305,NA,NA,Germine et al. 2015,abstract,taste_typicality
oneSATca,oneEMVOca,8,346.4873890477096,1406,362.4873890477096,5.418336129446857,4,0.24700160248927713,346.4873890477096,-2lnL,5.418336129446857,NA,NA,Germine et al. 2015,abstract,taste_typicality
oneSATca,oneEMVZca,6,349.4771266999561,1408,361.4771266999561,8.40807378169336,6,0.20970462812624155,349.4771266999561,-2lnL,8.40807378169336,NA,NA,Germine et al. 2015,abstract,taste_typicality
