base,comparison,ep,minus2LL,df,AIC,diffLL,diffdf,p,fit,fitUnits,diffFit,chisq,SBchisq,sample,domain,facet,VA,VC,VE,SA,SC,SE
oneSATca,NA,12,3055.405819519049,1500,3079.405819519049,NA,NA,NA,3055.405819519049,-2lnL,NA,NA,NA,Germine et al. 2015,faces,evaluation_bias,NA,NA,NA,NA,NA,NA
oneSATca,oneACEvca,6,3062.836161597279,1506,3074.836161597279,7.430342078229842,6,0.2828746212837083,3062.836161597279,-2lnL,7.430342078229842,NA,NA,Germine et al. 2015,faces,evaluation_bias,0.1751,0.0165,0.2838,0.3683,0.0348,0.5969
oneACEvca,oneAEvca,5,3062.9079672842863,1507,3072.9079672842863,0.07180568700732692,1,0.7887256194683128,3062.9079672842863,-2lnL,0.07180568700732692,NA,NA,Germine et al. 2015,faces,evaluation_bias,0.1928,0,0.2827,0.4054,0,0.5946
oneACEvca,oneCEvca,5,3070.1316258311044,1507,3080.1316258311044,7.295464233825442,1,0.00691289054619426,3070.1316258311044,-2lnL,7.295464233825442,NA,NA,Germine et al. 2015,faces,evaluation_bias,0,0.1646,0.3102,0,0.3467,0.6533
oneACEvca,oneEvca,4,3163.9993466668516,1508,3171.9993466668516,101.16318506957259,2,1.0781854735602324e-22,3163.9993466668516,-2lnL,101.16318506957259,NA,NA,Germine et al. 2015,faces,evaluation_bias,0,0,0.4746,0,0,1
