base,comparison,ep,minus2LL,df,AIC,diffLL,diffdf,p,fit,fitUnits,diffFit,chisq,SBchisq,sample,domain,facet,VA,VC,VE,SA,SC,SE
oneSATca,NA,12,3099.318934027451,1513,3123.318934027451,NA,NA,NA,3099.318934027451,-2lnL,NA,NA,NA,Germine et al. 2015,scenes,evaluation_bias,NA,NA,NA,NA,NA,NA
oneSATca,oneACEvca,6,3109.880917400351,1519,3121.880917400351,10.561983372899704,6,0.10289450408439119,3109.880917400351,-2lnL,10.561983372899704,NA,NA,Germine et al. 2015,scenes,evaluation_bias,0.089,0.0291,0.3444,0.1925,0.0629,0.7446
oneACEvca,oneAEvca,5,3110.06554505696,1520,3120.06554505696,0.18462765660933655,1,0.6674261022257818,3110.06554505696,-2lnL,0.18462765660933655,NA,NA,Germine et al. 2015,scenes,evaluation_bias,0.1201,0,0.3423,0.2598,0,0.7402
oneACEvca,oneCEvca,5,3111.3782951836683,1520,3121.3782951836683,1.4973777833174609,1,0.22107527401098792,3111.3782951836683,-2lnL,1.4973777833174609,NA,NA,Germine et al. 2015,scenes,evaluation_bias,0,0.1065,0.3561,0,0.2302,0.7698
oneACEvca,oneEvca,4,3150.9599572160296,1521,3158.9599572160296,41.0790398156787,2,1.2017104646557906e-9,3150.9599572160296,-2lnL,41.0790398156787,NA,NA,Germine et al. 2015,scenes,evaluation_bias,0,0,0.4622,0,0,1
