base,comparison,ep,minus2LL,df,AIC,diffLL,diffdf,p,fit,fitUnits,diffFit,chisq,SBchisq,sample,domain,facet,VA,VD,VE,SA,SD,SE
oneSATca,NA,12,3519.562688142804,1403,3543.562688142804,NA,NA,NA,3519.562688142804,-2lnL,NA,NA,NA,Germine et al. 2015,abstracts,evaluation_bias,NA,NA,NA,NA,NA,NA
oneSATca,oneADEvca,6,3522.3070828092905,1409,3534.3070828092905,2.7443946664866417,6,0.8401759152036605,3522.3070828092905,-2lnL,2.7443946664866417,NA,NA,Germine et al. 2015,abstracts,evaluation_bias,0.018,0.2294,0.4875,0.0245,0.3121,0.6634
oneADEvca,oneAEvca,5,3523.4807180464745,1410,3533.4807180464745,1.173635237184044,1,0.278655554257883,3523.4807180464745,-2lnL,1.173635237184044,NA,NA,Germine et al. 2015,abstracts,evaluation_bias,0.2382,0,0.4968,0.3241,0,0.6759
oneADEvca,oneEvca,4,3576.502777861202,1411,3584.502777861202,54.19569505191157,2,1.704332587760967e-12,3576.502777861202,-2lnL,54.19569505191157,NA,NA,Germine et al. 2015,abstracts,evaluation_bias,0,0,0.7332,0,0,1
