base,comparison,ep,minus2LL,df,AIC,diffLL,diffdf,p,fit,fitUnits,diffFit,chisq,SBchisq,sample,domain,facet,VA,VC,VE,SA,SC,SE
oneSATca,NA,12,-760.2279026729937,1500,-736.2279026729937,NA,NA,NA,-760.2279026729937,-2lnL,NA,NA,NA,Germine et al. 2015,faces,taste_typicality,NA,NA,NA,NA,NA,NA
oneSATca,oneACEvca,6,-751.5284745657032,1506,-739.5284745657032,8.699428107290487,6,0.19120094874891214,-751.5284745657032,-2lnL,8.699428107290487,NA,NA,Germine et al. 2015,faces,taste_typicality,0.009,0.0025,0.0256,0.2414,0.0684,0.6902
oneACEvca,oneAEvca,5,-751.3515333506652,1507,-741.3515333506652,0.17694121503791393,1,0.6740151976607142,-751.3515333506652,-2lnL,0.17694121503791393,NA,NA,Germine et al. 2015,faces,taste_typicality,0.0116,0,0.0255,0.3129,0,0.6871
oneACEvca,oneCEvca,5,-749.4037706238466,1507,-739.4037706238466,2.1247039418565237,1,0.14494078454852619,-749.4037706238466,-2lnL,2.1247039418565237,NA,NA,Germine et al. 2015,faces,taste_typicality,0,0.0106,0.0266,0,0.285,0.715
oneACEvca,oneEvca,4,-688.5565193395847,1508,-680.5565193395847,62.97195522611844,2,2.1174524442650354e-14,-688.5565193395847,-2lnL,62.97195522611844,NA,NA,Germine et al. 2015,faces,taste_typicality,0,0,0.0371,0,0,1
