base,comparison,ep,minus2LL,df,AIC,diffLL,diffdf,p,fit,fitUnits,diffFit,chisq,SBchisq,sample,facet
mulSATc,NA,54,11531.875862208402,4398,11639.875862208402,NA,NA,NA,11531.875862208402,-2lnL,NA,NA,NA,Germine et al. 2015,e-b
mulSATc,mulACEvc,21,11572.100131022862,4431,11614.100131022862,40.22426881445972,33,0.1807945084061936,11572.100131022862,-2lnL,40.22426881445972,NA,NA,Germine et al. 2015,e-b
mulACEvc,mulAEvc,15,11573.86543251174,4437,11603.86543251174,1.7653014888783218,6,0.9399693797148211,11573.86543251174,-2lnL,1.7653014888783218,NA,NA,Germine et al. 2015,e-b
mulACEvc,mulAEvcau,12,11619.705974025215,4440,11643.705974025215,47.60584300235314,9,3.0258140433442477e-7,11619.705974025215,-2lnL,47.60584300235314,NA,NA,Germine et al. 2015,e-b
