base,comparison,ep,minus2LL,df,AIC,diffLL,diffdf,p,fit,fitUnits,diffFit,chisq,SBchisq,sample,facet
mulSATc,NA,54,11531.875862208402,4398,11639.875862208402,NA,NA,NA,11531.875862208402,-2lnL,NA,NA,NA,Germine et al. 2015,e-b
mulSATc,mulACEvc,21,11572.100131021152,4431,11614.100131021152,40.22426881274987,33,0.18079450845469716,11572.100131021152,-2lnL,40.22426881274987,NA,NA,Germine et al. 2015,e-b
mulACEvc,mulAEvc,15,11573.865432512186,4437,11603.865432512186,1.7653014910338243,6,0.9399693795411468,11573.865432512186,-2lnL,1.7653014910338243,NA,NA,Germine et al. 2015,e-b
mulACEvc,mulAEvcau,12,11619.705974023875,4440,11643.705974023875,47.605843002722395,9,3.0258140428640943e-7,11619.705974023875,-2lnL,47.605843002722395,NA,NA,Germine et al. 2015,e-b
