base,comparison,ep,minus2LL,df,AIC,diffLL,diffdf,p,fit,fitUnits,diffFit,chisq,SBchisq,sample,facet
mulSATc,NA,54,12253.16288422492,4395,12361.16288422492,NA,NA,NA,12253.16288422492,-2lnL,NA,NA,NA,Germine et al. 2015,t-t
mulSATc,mulACEvc,21,12287.43546148686,4428,12329.43546148686,34.27257726194148,33,0.40648650369111267,12287.43546148686,-2lnL,34.27257726194148,NA,NA,Germine et al. 2015,t-t
mulACEvc,mulCEao,18,12288.193677907315,4431,12324.193677907315,0.7582164204541186,3,0.85943273795774755,12288.193677907315,-2lnL,0.7582164204541186,NA,NA,Germine et al. 2015,t-t
mulACEvc,mulCEao,15,12293.705813049795,4434,12323.705813049795,6.270351562934593,6,0.39359659180108303,12293.705813049795,-2lnL,6.270351562934593,NA,NA,Germine et al. 2015,t-t
mulACEvc,mulAEfa,13,12293.913550143347,4436,12319.913550143347,6.478088656485852,8,0.5938390713999437,12293.913550143347,-2lnL,6.478088656485852,NA,NA,Germine et al. 2015,t-t
mulACEvc,mulAEscnoa,12,12330.511941971326,4437,12354.511941971326,43.07648048446572,9,2.087035458350278e-6,12330.511941971326,-2lnL,43.07648048446572,NA,NA,Germine et al. 2015,t-t
mulACEvc,mulAEscnoe,11,12327.199720301045,4438,12349.199720301045,39.76425881418436,10,1.8643188416443774e-5,12327.199720301045,-2lnL,39.76425881418436,NA,NA,Germine et al. 2015,t-t
